Unnamed: 0,Unnamed: 1,Unnamed: 2,Unnamed: 3,Unnamed: 4,Unnamed: 5,Unnamed: 6,Unnamed: 7,Unnamed: 8,Unnamed: 9,Unnamed: 10,Unnamed: 11,Unnamed: 12,Unnamed: 13,Unnamed: 14,Unnamed: 15,Unnamed: 16,Unnamed: 17,Unnamed: 18,Unnamed: 19,Unnamed: 20,Unnamed: 21,Unnamed: 22,Unnamed: 23,Unnamed: 24,Unnamed: 25,Unnamed: 26,Unnamed: 27,Unnamed: 28,Unnamed: 29,Unnamed: 30,Unnamed: 31,Unnamed: 32,Unnamed: 33,Unnamed: 34,Unnamed: 35,Unnamed: 36,Unnamed: 37,Unnamed: 38,Unnamed: 39,Unnamed: 40,Unnamed: 41,Unnamed: 42,Unnamed: 43,Unnamed: 44,Unnamed: 45,Unnamed: 46,Unnamed: 47,Unnamed: 48,Unnamed: 49,Unnamed: 50,Unnamed: 51,Unnamed: 52,Unnamed: 53,Unnamed: 54,Unnamed: 55,Unnamed: 56,Unnamed: 57,Unnamed: 58,Unnamed: 59,Unnamed: 60,Unnamed: 61,Unnamed: 62,Unnamed: 63,Unnamed: 64,Unnamed: 65,Unnamed: 66,Unnamed: 67,Unnamed: 68,Unnamed: 69,Unnamed: 70,Unnamed: 71
,2000,,2001,,,2002,,,2003,,,2004,,,2005,,,2006,,,2007,,,2008,,,2009,,,2010,,,2011,,,2012,,,2013,,,2014,,,2015,,,2016,,,2017,,,2018,,,2019,,,2020,,,2021,,,2022 (P),,,2023 (A),,
Comunidad Autónoma,Valor,Índice España = 100,Valor,Índice España = 100,Tasa de Variación Interanual,Valor,Índice España = 100,Tasa de Variación Interanual,Valor,Índice España = 100,Tasa de Variación Interanual,Valor,Índice España = 100,Tasa de Variación Interanual,Valor,Índice España = 100,Tasa de Variación Interanual,Valor,Índice España = 100,Tasa de Variación Interanual,Valor,Índice España = 100,Tasa de Variación Interanual,Valor,Índice España = 100,Tasa de Variación Interanual,Valor,Índice España = 100,Tasa de Variación Interanual,Valor,Índice España = 100,Tasa de Variación Interanual,Valor,Índice España = 100,Tasa de Variación Interanual,Valor,Índice España = 100,Tasa de Variación Interanual,Valor,Índice España = 100,Tasa de Variación Interanual,Valor,Índice España = 100,Tasa de Variación Interanual,Valor,Índice España = 100,Tasa de Variación Interanual,Valor,Índice España = 100,Tasa de Variación Interanual,Valor,Índice España = 100,Tasa de Variación Interanual,Valor,Índice España = 100,Tasa de Variación Interanual,Valor,Índice España = 100,Tasa de Variación Interanual,Valor,Índice España = 100,Tasa de Variación Interanual,Valor,Índice España = 100,Tasa de Variación Interanual,Valor,Índice España = 100,Tasa de Variación Interanual,Valor,Índice España = 100,Tasa de Variación Interanual
ANDALUCÍA,11882,0.7441132264529058,12799,0.7443442861296888,0.07717555967008916,13617,0.7523620089507708,0.0639112430658646,14593,0.7671240077800557,0.07167511199236243,15561,0.7754522350127074,0.06633317343932021,16564,0.7792256668391588,0.06445601182443284,17589,0.7763849039947032,0.061881188118811936,18504,0.7768261964735517,0.052021149582125226,18638,0.7704199735449735,0.007241677475140484,17685,0.7642279936044251,-0.0511320957184247,17567,0.7593913456966239,-0.006672321176137919,17299,0.7565380914895478,-0.015255877497580728,16597,0.7489620938628159,-0.0405803803688074,16381,0.7439484081929243,-0.013014400192805975,16600,0.7418994413407821,0.01336914718271176,17458,0.7448905576652302,0.05168674698795184,17865,0.7385893831652058,0.023313094283422986,18691,0.7430036571792018,0.04623565631122317,19291,0.7433911368015415,0.03210101118185227,19744,0.7415586854460093,0.02348245295733764,17772,0.7451259905245063,-0.09987844408427882,19591,0.7507856212156051,0.10235201440468145,21495,0.7477041881174342,0.09718748404879785,23218,0.7497416688194265,0.08015817632007449
Almería,15192,0.9514028056112225,16053,0.9335853445769119,0.0566745655608214,16970,0.9376208630311067,0.057123279137855754,17668,0.9287704357882564,0.04113140836770768,18272,0.9105496586435441,0.03418609916232729,19070,0.8971162440607799,0.04367338003502619,19852,0.8762745530787905,0.04100681699003661,21034,0.88303946263644,0.059540600443280356,20995,0.8678488756613757,-0.001854140914709479,19151,0.8275787563199516,-0.08783043581805194,18616,0.8047378204296892,-0.027935878022035454,17294,0.7563194262223388,-0.07101418134937687,17031,0.7685469314079423,-0.015207586446166266,16759,0.7611154003360734,-0.015970876636721254,17515,0.7827932960893855,0.04511009010084144,18724,0.7989077100311474,0.0690265486725663,20196,0.8349594840416735,0.07861568041016875,21467,0.8533550643981556,0.06293325410972472,21567,0.8310982658959537,0.004658312759118655,22268,0.8363568075117371,0.03250336161728562,20335,0.8525847972831327,-0.08680617927070233,20292,0.7776500344906875,-0.002114580772067831,21999,0.7652358424933908,0.08412182140745128,,,
Cádiz,12147,0.7607089178356713,12979,0.7548124454783367,0.06849427842265587,13718,0.7579424277584397,0.05693813082672006,14409,0.7574515060715975,0.05037177431112405,15566,0.775701400308965,0.08029703657436316,16455,0.7740979442066143,0.05711165360400883,17473,0.7712646214963584,0.06186569431783662,18149,0.7619227539882452,0.03868826188977281,18128,0.7493386243386243,-0.001157088544823437,16899,0.730262304999784,-0.06779567519858787,17054,0.7372152336488998,0.009172140363335135,16881,0.738257675150879,-0.010144247683827823,16196,0.7308664259927797,-0.04057816480066345,15843,0.7195149643489713,-0.02179550506297856,15703,0.7018100558659218,-0.008836710219024213,16255,0.6935614626445364,0.03515251862701385,16784,0.6938978005622622,0.032543832666871664,17584,0.6989982509142948,0.04766444232602485,18079,0.6966859344894027,0.0281505914467699,18767,0.7048638497652582,0.038055202168261415,16418,0.6883568823110142,-0.12516651569243886,18313,0.7018088449451981,0.115422097697649,20304,0.7062752191456797,0.10872058100802717,,,
Córdoba,10749,0.6731588176352705,11378,0.6617039837161965,0.058517071355475014,12006,0.6633515663848831,0.05519423448760774,13095,0.6883772275666299,0.09070464767616193,14160,0.7056361190013455,0.08132875143184415,14955,0.7035329538504963,0.056144067796610075,16267,0.7180313396601192,0.08772985623537277,17401,0.7305205709487825,0.06971168623593771,17529,0.724578373015873,0.007355899086259443,16816,0.7266755974244847,-0.04067545210793544,16641,0.7193619504603813,-0.010406755470980023,16403,0.7173532756057028,-0.014302025118682726,15479,0.6985108303249098,-0.05633115893434126,15710,0.7134747263726782,0.014923444666968155,15846,0.7082011173184357,0.008656906429026057,16862,0.719460681827879,0.06411712735075104,17197,0.7109723829998347,0.019867156920887252,17967,0.7142232469391,0.044775251497354285,18275,0.7042389210019268,0.017142539099460175,18225,0.6845070422535211,-0.002735978112175075,16851,0.7065112573896273,-0.07539094650205758,18710,0.7170230704376485,0.11031986232271085,19930,0.6932656184778071,0.0652057723142705,,,
Granada,10604,0.6640781563126252,11482,0.667752253562082,0.08279894379479447,12505,0.6909221503950495,0.08909597631074728,13362,0.7024128686327078,0.0685325869652138,14112,0.7032441321572731,0.056129321957790745,14830,0.6976525379874865,0.050878684807256214,16403,0.7240344294857647,0.10606877950101157,17286,0.7256926952141058,0.0538316161677741,17521,0.7242476851851852,0.01359481661460138,16639,0.7190268354867984,-0.05033959248901321,16431,0.7102840098560498,-0.012500751247070174,16347,0.7149042246129624,-0.005112287748767597,15971,0.7207129963898917,-0.02300116229277538,15877,0.7210590853353922,-0.005885667772838277,16429,0.7342569832402235,0.03476727341437291,17320,0.7390024320518838,0.05423336782518717,17368,0.7180420042996527,0.0027713625866050418,17846,0.7094132612498012,0.027521879318286535,18353,0.7072447013487476,0.02840972767006611,19091,0.7170328638497653,0.04021140957881553,17310,0.7257557335122217,-0.09329003195222885,18776,0.7195523875220358,0.08469093009820905,20349,0.7078405454292472,0.08377716233489552,,,
Huelva,13036,0.8163827655310621,13366,0.7773189880779297,0.02531451365449522,14010,0.7740759157964529,0.04818195421218019,14964,0.7866267150291752,0.06809421841541763,16195,0.8070463945781632,0.08226410050788568,17248,0.8114033024415487,0.06502006792219817,17811,0.7861840653277422,0.03264146567718007,18331,0.7695633921074727,0.029195441019594703,18634,0.7702546296296297,0.016529376466095647,17028,0.735836826411996,-0.08618654073199528,17351,0.7500540353607401,0.01896875734085035,17882,0.7820344616461121,0.030603423433807952,17373,0.7839801444043322,-0.028464377586399747,16185,0.7350470048594395,-0.06838197202555685,16154,0.7219664804469274,-0.001915353722582669,17177,0.7329009685539958,0.06332796830506382,17877,0.7390854969406317,0.04075216859754316,19318,0.7679281284782954,0.08060636572131785,20380,0.7853564547206165,0.0549746350553888,20329,0.7635305164319249,-0.002502453385672232,17800,0.7462999454949478,-0.12440356141472775,20086,0.7697554993485093,0.1284269662921349,25475,0.8861486016418534,0.26829632579906404,,,
Jaén,10432,0.6533066132264529,11288,0.6564699040418727,0.0820552147239264,11767,0.6501464169291121,0.04243444365698079,13457,0.70740682331914,0.14362199371122641,13981,0.6967160013953256,0.0389388422382404,14307,0.6730488780166534,0.023317359273299587,15348,0.6774663429706467,0.07276158523799547,16530,0.6939546599496221,0.0770132916340891,16739,0.6919229497354498,0.012643678160919603,16347,0.7064085389568299,-0.023418364298942618,16388,0.7084251934465915,0.0025081054627760224,16349,0.714991690719846,-0.0023797900903099745,14677,0.6623194945848375,-0.10226925194201475,15780,0.7166537989917798,0.07515159773795732,15125,0.6759776536312849,-0.041508238276299125,17128,0.7308102572854888,0.13242975206611574,16916,0.6993550520919464,-0.01237739374124236,17382,0.690968357449515,0.02754788366043992,18320,0.7059730250481696,0.05396387067080899,17840,0.6700469483568076,-0.026200873362445365,17140,0.7186281497631126,-0.039237668161434924,18955,0.7264122020387829,0.10589264877479576,18860,0.6560456379574231,-0.0050118702189395625,,,
Málaga,11778,0.7376002004008017,13067,0.759930212271009,0.10944133129563594,13587,0.750704458809879,0.03979490319124501,14470,0.7606581506597277,0.06498859203650542,15649,0.77983754422684,0.08147892190739459,17026,0.8009596838688432,0.08799284299316246,17805,0.785919223129552,0.04575355338893461,18316,0.7689336691855584,0.028699803426003978,18480,0.7638888888888888,0.00895392006988427,17762,0.7675554211140401,-0.038852813852813806,17608,0.7611637055288981,-0.008670194797883113,17160,0.7504591970611388,-0.025442980463425746,16257,0.7336191335740072,-0.05262237762237765,16016,0.7273718152504655,-0.014824383342560088,16398,0.7328715083798882,0.023851148851148807,17077,0.728634210863165,0.041407488718136376,17379,0.7184967752604597,0.017684605024301803,18189,0.7230481793607887,0.04660797514241333,18922,0.7291714836223506,0.04029908186266429,19477,0.7315305164319249,0.0293309375330304,16913,0.7091107291098906,-0.13164245006931252,19145,0.7336935694029278,0.13196949092414112,21444,0.7459301516627244,0.1200835727343954,,,
Sevilla,12121,0.7590806613226453,13142,0.7642919453329456,0.08423397409454658,14323,0.7913696889330902,0.08986455638411206,15373,0.8081270041528675,0.07330866438595263,16309,0.812727363332835,0.060885968906524424,17573,0.8266923836853742,0.07750321908148883,18590,0.820569410726109,0.05787287315768519,19814,0.8318219983207389,0.06584185045723512,19946,0.8244874338624338,0.006661956192591134,19124,0.8264119960243723,-0.041211270430161484,18891,0.8166255997925043,-0.012183643589207316,18686,0.8171958366133123,-0.010851728336244815,18194,0.821028880866426,-0.026329872631916995,17669,0.8024433443843952,-0.028855666703308747,18032,0.8058994413407822,0.02054445639255187,18594,0.7933609250330673,0.03116681455190773,18947,0.7833223085827683,0.018984618694202426,19774,0.7860550166958181,0.04364807093471268,20429,0.7872447013487476,0.033124304642459856,21043,0.7903474178403755,0.030055313524891103,19208,0.8053331097228628,-0.08720239509575634,21346,0.8180424618686288,0.11130778842149103,23032,0.801168776958397,0.0789843530403822,,,
ARAGÓN,17016,1.0656312625250501,18231,1.060250072695551,0.07140338504936539,19492,1.0769655782087408,0.06916790082825952,20570,1.0813226094727435,0.055304740406320496,21676,1.0801813923356756,0.05376762275157998,22932,1.0787975725643317,0.05794427016054615,24484,1.0807327300816596,0.06767835339263906,26080,1.0948782535684298,0.06518542721777498,26519,1.0961888227513228,0.016832822085889543,25150,1.0868156086599543,-0.05162336438025572,25375,1.0969178230233865,0.008946322067594492,25015,1.0939823318464095,-0.01418719211822661,24008,1.0833935018050542,-0.040255846492104785,24232,1.1005041100867432,0.009330223258913639,24557,1.0975195530726256,0.01341201716738194,25185,1.0745829244357212,0.025573156330170654,26243,1.0849594840416736,0.0420091324200913,27357,1.0874940372078232,0.04244941508211708,28281,1.0898265895953758,0.033775633293124274,29043,1.0908169014084508,0.026943884586825062,27003,1.1321537881011279,-0.07024067761594877,29144,1.116885107687591,0.07928748657556572,32562,1.132670098789481,0.11727971452099917,34658,1.1191552570395247,0.06436951047232964
Huesca,16215,1.0154684368737474,17992,1.0463506833381797,0.1095898859081097,19295,1.0660809989502182,0.07242107603379289,20409,1.0728591704778425,0.05773516455040162,21296,1.0612448298201027,0.04346121809005821,22077,1.0385755280613445,0.036673553719008156,23655,1.0441403663650408,0.07147710286723741,25828,1.0842989084802688,0.09186218558444303,27230,1.1255787037037037,0.05428217438438909,25509,1.1023291992567306,-0.06320235034887989,26084,1.1275666796351533,0.022541063938217976,25978,1.1360972623108545,-0.0040637938966415765,24813,1.1197202166064981,-0.04484563861729152,25616,1.1633589172986967,0.03236206827066468,25476,1.1385921787709496,-0.005465334166146141,25867,1.103682211887187,0.015347778301146198,28169,1.1645857449975194,0.08899369853481276,28467,1.1316186993162665,0.01057900528950273,28749,1.1078612716763006,0.009906207187269533,29643,1.1133521126760564,0.03109673379943656,28385,1.1900968512850614,-0.042438349694700284,30234,1.158657162566107,0.06514003875286245,33121,1.1521149297342423,0.09548852285506393,,,
Teruel,17137,1.0732089178356714,18328,1.0658912474556557,0.06949874540468004,19449,1.0745897563401292,0.061163247490178874,19843,1.0431057141355202,0.020258110956861586,20739,1.033487815817013,0.0451544625308673,22355,1.0516535729406784,0.07792082549785428,23667,1.0446700507614213,0.05868933124580633,24955,1.047649034424853,0.054421768707483054,25799,1.066426917989418,0.03382087757964336,24210,1.0461950650360832,-0.061591534555602956,24291,1.0500583581895993,0.0033457249070631967,24009,1.0499868800839676,-0.01160923798937874,23643,1.0669223826714802,-0.015244283393727298,23994,1.0896952631817975,0.01484583174724019,24326,1.087195530726257,0.013836792531466191,24012,1.0245338567222768,-0.012907999671133763,23993,0.9919381511493303,-0.000791271031151064,23935,0.9514628716807123,-0.002417371733422269,25241,0.9726782273603083,0.05456444537288485,25570,0.9603755868544601,0.013034348876827417,23292,0.9765628275544003,-0.08908877590926867,26341,1.0094657775733886,0.13090331444272718,30110,1.0473772088493112,0.1430849246421928,,,
Zaragoza,17189,1.0764654308617234,18273,1.0626926432102355,0.06306358717784621,19546,1.079949168462346,0.06966562688119082,20722,1.089312936971035,0.06016576281592134,21912,1.0919419943190312,0.05742688929640005,23225,1.0925812673472268,0.05992150419861253,24806,1.0949459280512028,0.06807319698600645,26312,1.1046179680940387,0.06071111827783593,26462,1.0938326719576719,0.005700820918212113,25207,1.089278769283955,-0.047426498375028325,25371,1.0967449098690183,0.006506129249811643,24939,1.0906586197848334,-0.017027314650585268,23874,1.077346570397112,-0.04270419824371463,23946,1.0875153276715563,0.0030158331239005243,24378,1.0895195530726256,0.018040591330493516,25194,1.074966932627896,0.03347280334728042,26118,1.079791632214321,0.036675398904501,27582,1.0964382254730483,0.05605329657707325,28597,1.102003853564547,0.036799361902690064,29386,1.1036995305164319,0.027590306675525422,27197,1.1402876189677582,-0.07449125433880077,29279,1.1220587108147466,0.07655256094422169,32772,1.1399749547794629,0.11930052255883061,,,
"ASTURIAS, PRINCIPADO DE",13279,0.8316007014028056,14340,0.8339633614422798,0.07990059492431656,15188,0.839162384662136,0.05913528591352857,16039,0.8431372549019608,0.05603107716618383,17055,0.8499028255344595,0.06334559511191462,18482,0.8694547678411817,0.08367047786572845,20059,0.885411608916354,0.08532626339140781,21416,0.8990764063811922,0.06765043122787784,21987,0.9088541666666666,0.02666230855435181,20778,0.897886867464673,-0.054987037795060756,20992,0.907448234124411,0.010299355087111328,20706,0.9055366045657308,-0.013624237804878092,19867,0.8965252707581227,-0.04051965613831743,19475,0.8844634179572187,-0.019731212563547595,19588,0.8754413407821229,0.005802310654685394,20497,0.8745573238895763,0.04640596283438847,20913,0.864602282123367,0.020295653022393445,21897,0.8704484019716966,0.04705207287333235,22651,0.8728709055876686,0.03443394072247341,23220,0.872112676056338,0.02512030373934926,21069,0.8833591882939918,-0.09263565891472869,23446,0.8985207327354947,0.11281978261901382,26361,0.9169681369138722,0.12432824362364592,28130,0.9083570136915525,0.06710671067106722
"BALEARS, ILLES",20045,1.2553231462925851,21350,1.2416400116312882,0.06510351708655526,21837,1.2065307475551135,0.02281030444964882,22109,1.1622246753929453,0.012455923432705962,22975,1.1449145363033837,0.03916956895381962,24054,1.131580185350708,0.046964091403699726,25259,1.1149415140145664,0.05009561819240038,26092,1.0953820319059613,0.032978344352508016,26377,1.0903191137566137,0.010922888241606588,24832,1.0730737651786872,-0.05857375744019411,24638,1.0650585743310423,-0.0078125,24324,1.0637627919181318,-0.012744540952999484,23810,1.0744584837545126,-0.021131392863015908,23719,1.077206049321041,-0.0038219235615287728,24454,1.0929162011173184,0.03098781567519704,25732,1.0979220890045653,0.05226138872986019,26922,1.1130312551678518,0.04624591947769319,28001,1.1130942916202895,0.040078746006983135,28906,1.1139113680154142,0.03232027427591877,29458,1.1064037558685447,0.019096381374109184,22611,0.948010565594734,-0.23243261592776154,25807,0.9890013029815283,0.14134713192693815,30997,1.0782315291498539,0.201108226450188,34381,1.1102105399121673,0.1091718553408394
CANARIAS,14985,0.938439378757515,16143,0.9388194242512359,0.07727727727727718,16815,0.9290568539698326,0.0416279501951311,17480,0.9188876623035274,0.039548022598870025,17980,0.895998405342104,0.028604118993134975,18708,0.8800865597215035,0.040489432703003425,19484,0.8600308982564555,0.04147958092794535,20276,0.8512174643157011,0.04064873742557995,20476,0.8463955026455027,0.009863878477017085,19421,0.8392463592757443,-0.05152373510451258,19355,0.8366835256992176,-0.003398383193450427,19099,0.8352575876847721,-0.01322655644536297,18317,0.8265794223826715,-0.040944552070789064,18160,0.8247422680412371,-0.008571272588305923,18268,0.8164469273743017,0.005947136563876576,18881,0.8056065196057516,0.03355594482154589,19450,0.8041177443360344,0.03013611567183938,20296,0.80680553347114,0.043496143958868805,20853,0.8035838150289017,0.027443831296807275,21159,0.7947042253521127,0.014674147604661236,17239,0.7227789191228879,-0.1852639538730564,19021,0.7289415191231701,0.10337026509658331,22096,0.768609990260192,0.16166342463592875,24345,0.7861340738827176,0.10178312816799417
"Palmas, Las",15521,0.9720065130260521,16700,0.9712125617912184,0.07596160041234468,17258,0.9535333443836677,0.03341317365269458,17850,0.938337801608579,0.03430293197357748,18123,0.9031245328150695,0.015294117647058902,18554,0.8728418873782754,0.023781934558296136,19353,0.8542485102626352,0.04306349035248469,20021,0.840512174643157,0.03451661241151238,20147,0.8327959656084656,0.006293391938464676,19219,0.8305172637310402,-0.04606144835459369,18796,0.8125189123762591,-0.02200946979551488,18561,0.8117292049330884,-0.012502660140455424,17743,0.8006768953068593,-0.04407090135229785,17832,0.8098460420545892,0.005016062672603239,17876,0.7989273743016759,0.0024674742036787656,18321,0.7817126765370994,0.024893712239874688,19181,0.792996527203572,0.04694066917744655,19945,0.7928525997773891,0.039831082842396226,20595,0.7936416184971098,0.03258962145901223,20864,0.7836244131455399,0.013061422675406664,16895,0.7083560437717497,-0.19023197852760731,18912,0.7247643136353185,0.11938443326427928,22228,0.7732016140253235,0.1753384094754653,,,
Santa Cruz de Tenerife,14398,0.9016783567134269,15530,0.9031695260250072,0.07862203083761643,16328,0.902149290016023,0.051384417256922,17073,0.8974925090679704,0.04562714355707986,17824,0.8882244480988688,0.0439875827329701,18877,0.8880368819682928,0.05907764811490135,19628,0.8663871110130215,0.03978386396143452,20554,0.8628883291351805,0.04717750152842881,20835,0.8612351190476191,0.013671304855502608,19641,0.8487532950175014,-0.057307415406767426,19964,0.8630095534517789,0.016445191181711616,19688,0.8610163561619872,-0.01382488479262678,18945,0.8549187725631769,-0.03773872409589596,18519,0.8410463690449158,-0.022486144101345973,18696,0.8355754189944135,0.009557751498461053,19494,0.831761744250544,0.04268292682926833,19745,0.8163138746485861,0.012875756643069725,20681,0.8221100333916362,0.0474044061787795,21134,0.814412331406551,0.02190416324162281,21478,0.8066854460093896,0.016277089050818594,17611,0.7383757494444677,-0.1800446968991526,19138,0.7334253085000383,0.08670717165407993,21953,0.7636357311812996,0.14708956003762141,,,
CANTABRIA,14966,0.937249498997996,16156,0.9395754579819715,0.07951356407857801,17099,0.9447483286369412,0.058368408021787666,17801,0.9357619723492614,0.04105503245803854,18744,0.9340708626102556,0.05297455199146106,19981,0.9399727148703957,0.0659944515578319,21184,0.9350695210770249,0.06020719683699505,22423,0.9413518052057095,0.05848753776435056,22852,0.9446097883597884,0.019132141105115297,21834,0.943520159025107,-0.044547523192718375,21850,0.9445381057363939,0.0007328020518457823,21435,0.9374180005247966,-0.01899313501144162,20691,0.9337093862815884,-0.03470958712386285,20299,0.9218856442163585,-0.01894543521337777,20747,0.9272402234636872,0.022070052711956167,21329,0.9100567478772881,0.028052248517858036,22072,0.9125186042665785,0.03483520090018288,22922,0.9111941485132772,0.038510329829648526,23818,0.9178420038535645,0.03908908472210104,24515,0.9207511737089202,0.029263582164749335,22279,0.9340908138023563,-0.09120946359371818,24303,0.9313635318464015,0.09084788365725571,26505,0.9219771810212884,0.09060609801259112,28461,0.9190454662877809,0.07379739671760044
CASTILLA Y LEÓN,14453,0.9051227454909819,15429,0.8972957255015993,0.06752923268525568,16371,0.9045251118846345,0.06105385961501075,17310,0.909951111812017,0.05735752244823167,18329,0.9133901430208801,0.05886770652801854,19448,0.9148986216305217,0.06105079382399481,20604,0.9094681085853012,0.05944055944055937,21805,0.915407220822838,0.058289652494661226,22108,0.9138558201058201,0.013895895436826455,21374,0.9236420206559786,-0.03320065134792838,21487,0.928846236977478,0.005286797043136504,21378,0.9349252164786145,-0.0050728347372830385,20823,0.9396660649819495,-0.025961268593881592,20474,0.9298333257641128,-0.016760313115305236,20694,0.9248715083798883,0.010745335547523771,21600,0.9216196612194394,0.04378080603073364,22369,0.9247974202083677,0.03560185185185194,23076,0.9173159484814756,0.03160624077965046,24216,0.9331791907514451,0.049401976079043175,24849,0.9332957746478874,0.026139742319127857,22934,0.9615529747180411,-0.07706547547184994,25020,0.9588411128995171,0.0909566582366792,27382,0.9524836510365938,0.09440447641886496,29698,0.9589899250839576,0.08458111167920523
Ávila,12532,0.7848196392785571,13069,0.7600465251526607,0.04285030322374728,13561,0.7492679153544395,0.03764633866401401,14157,0.7442043841665352,0.04394956124179639,15269,0.7609009817112673,0.07854771491135137,15706,0.7388624923554594,0.0286200799004519,16832,0.7429706466563673,0.07169234687380621,18203,0.7641897565071368,0.0814519961977187,18540,0.7663690476190477,0.01851343185189247,17999,0.7777969837085692,-0.029180151024811196,17998,0.7780227380797994,-5.555864214679129e-05,18087,0.7909997376016793,0.004944993888209792,17895,0.8075361010830325,-0.01061535909769451,17565,0.7977201507788728,-0.018440905280804665,17707,0.7913743016759777,0.008084258468545436,18220,0.7774032512693604,0.028971593155249442,18459,0.7631470150487846,0.01311745334796921,19225,0.7642311973286691,0.0414973725553931,20036,0.7721001926782274,0.042184655396618975,20760,0.7797183098591549,0.03613495707726089,19336,0.8106997610163096,-0.06859344894026975,20409,0.7821338238675558,0.05549234588332652,21890,0.761444274384305,0.07256602479298357,,,
Burgos,17824,1.1162324649298596,18608,1.0821750508868857,0.04398563734290839,19557,1.0805569368473396,0.05099957007738598,20855,1.0963044735320402,0.06637009766324087,22161,1.1043504260726567,0.06262287221289853,23538,1.1073058286682034,0.06213618519019892,24580,1.0849702052527035,0.0442688418727164,25952,1.089504617968094,0.05581773799837264,26802,1.1078869047619047,0.032752774352651004,25414,1.0982239315500626,-0.05178718006118943,25575,1.1055634807417973,0.006335090894782347,25762,1.1266509227674277,0.007311827956989259,25468,1.14927797833935,-0.011412157441192505,24696,1.1215768200190743,-0.030312549081199958,24708,1.104268156424581,0.0004859086491739717,25585,1.0916499551990442,0.03549457665533429,26648,1.1017033239622953,0.04154778190345909,28147,1.1188980760057243,0.056251876313419436,29444,1.1346435452793835,0.04607951113795439,29798,1.1191737089201879,0.01202282298600732,26984,1.131357175799757,-0.09443586817907246,28841,1.105273242891086,0.06881855914616075,30143,1.048525114790594,0.0451440657397455,,,
León,13152,0.8236472945891784,14196,0.8255888339633615,0.07937956204379559,14888,0.8225868832532184,0.048746125669202556,15540,0.8169058508121747,0.043793659322944656,16281,0.8113320376737928,0.04768339768339769,17801,0.8374182622195042,0.09336035870032555,18982,0.8378724343412051,0.0663445873827313,20032,0.8409739714525609,0.05531556211147404,20323,0.8400710978835979,0.014526757188498385,20015,0.8649150857784884,-0.01515524282832259,19926,0.8613668784852808,-0.004446665001249017,19610,0.8576051779935275,-0.015858677105289543,19154,0.8643501805054151,-0.023253442121366596,18654,0.847177437667469,-0.026104207998329354,18774,0.8390614525139665,0.006432936635574205,19456,0.8301403763280283,0.036326834984553136,19604,0.8104845377873325,0.007606907894736947,20400,0.8109397360470663,0.04060395837584174,21175,0.8159922928709056,0.03799019607843146,21919,0.8232488262910798,0.035135773317591434,20431,0.8566097857532179,-0.06788630868196543,23214,0.8896297999540124,0.13621457588957964,26034,0.9055934325866147,0.12147841819591632,,,
Palencia,14571,0.9125125250501002,15669,0.9112532712997965,0.07535515750463251,17422,0.9625946184872093,0.11187695449613888,18695,0.982757714345792,0.07306853403742397,19805,0.9869437384761051,0.05937416421503072,21133,0.9941666274638943,0.06705377429941928,22119,0.9763407636283381,0.046656887332607866,24196,1.0157850545759866,0.09390117093901162,24788,1.0246362433862435,0.024466854025458673,23740,1.0258847932241477,-0.042278521865418806,23498,1.0157783253361,-0.010193765796124632,23715,1.0371293623720808,0.00923482849604218,22517,1.016110108303249,-0.05051655070630401,22465,1.0202552341159907,-0.00230936625660616,22414,1.0017430167597765,-0.0022701980859114457,23857,1.017920382301489,0.06437940572856249,25476,1.0532495452290391,0.06786268181246591,25054,0.9959453013197647,-0.016564609828858545,27101,1.044354527938343,0.08170352039594486,27505,1.0330516431924883,0.01490719899634696,25293,1.0604586809777368,-0.08042174150154513,27331,1.0474055338391968,0.08057565334282213,29412,1.0230972589397522,0.07614064615272031,,,
Salamanca,12537,0.7851327655310621,13851,0.8055248618784531,0.10480976310122037,14618,0.8076689319851925,0.055375063172334205,15779,0.8294695894443568,0.07942262963469693,16590,0.8267304529825086,0.05139742695988336,17232,0.8106506092110835,0.03869801084990954,18197,0.8032222467446479,0.05600046425255334,19022,0.7985726280436608,0.04533714348518991,19280,0.796957671957672,0.01356324256124486,19105,0.8255909424830388,-0.009076763485477146,18370,0.7941036614360437,-0.038471604292070194,18285,0.7996588821831541,-0.00462710941752853,17716,0.7994584837545127,-0.031118403062619593,17326,0.7868658885507971,-0.02201399864529241,17553,0.7844916201117318,0.013101696871753443,18417,0.785808763920297,0.04922235515296536,19332,0.7992392922110138,0.049682358690340545,20030,0.7962315153442519,0.036105938340575294,20735,0.7990366088631985,0.03519720419370942,21588,0.8108169014084508,0.04113817217265492,20029,0.8397551465347365,-0.07221604595145448,22643,0.8677473748754503,0.1305107593988717,26245,0.9129330736051203,0.1590778607075034,,,
Segovia,15776,0.9879759519038076,16429,0.9554521663274208,0.04139198782961451,17737,0.9799988949665728,0.0796153143831031,18650,0.9803921568627451,0.05147431921971024,19416,0.9675586784272686,0.041072386058981225,20741,0.9757256433174955,0.06824268644416986,21948,0.9687927609799162,0.05819391543319985,22808,0.9575146935348446,0.03918352469473296,22270,0.9205522486772487,-0.023588214661522278,21250,0.91828356596517,-0.04580152671755722,21474,0.9282842692257813,0.010541176470588276,21034,0.9198810460946383,-0.02048989475644969,20171,0.9102436823104693,-0.041028810497290125,19974,0.9071256641991008,-0.009766496455307139,20527,0.9174078212290503,0.02768599178932618,21609,0.9220036694116142,0.05271106347737131,21738,0.8987101041838929,0.005969734832708573,21163,0.8412704722531404,-0.02645137547152454,22012,0.8482466281310211,0.04011718565420774,22690,0.852206572769953,0.030801381064873734,20668,0.8665464760387405,-0.08911414720141031,23743,0.9099026596152372,0.14878072382426932,25790,0.8971058856268262,0.08621488438697722,,,
Soria,15771,0.9876628256513026,16343,0.9504507124164001,0.03626910151543972,17775,0.982098458478369,0.08762161169919835,18825,0.989591547074594,0.05907172995780585,20172,1.0052324712214082,0.07155378486055786,20385,0.9589782189396434,0.010559190957763143,21548,0.9511366144338999,0.05705175374049554,22897,0.9612510495382032,0.06260441804343797,23364,0.9657738095238095,0.020395685024239052,22193,0.9590337496218833,-0.05011984249272383,23036,0.9958068560065707,0.037984950209525525,23012,1.0063850258025016,-0.0010418475429762042,21833,0.9852436823104693,-0.051234138710238186,22241,1.0100822017348654,0.018687308203178654,22749,1.0167150837988828,0.022840699608830617,23763,1.0139096300721082,0.04457338784122378,24056,0.9945427484703159,0.012330093001725384,24746,0.9837017013833678,0.028683072830063105,28019,1.0797302504816955,0.13226380021013506,28421,1.067455399061033,0.014347407116599431,25821,1.0825961175632048,-0.09148165089194604,28912,1.1079941749061086,0.11970876418419119,31586,1.098719910950327,0.09248754842280027,,,
Valladolid,16053,1.0053231462925851,17165,0.9982553067752253,0.06927054133183819,18109,1.0005525167136307,0.05499563064375179,18869,0.991904536613573,0.041968082169087095,19992,0.996262520556137,0.05951560761036623,21379,1.0057392858822976,0.06937775110044009,22590,0.9971308761862724,0.05664437064409,23792,0.9988245172124265,0.05320938468348824,23816,0.984457671957672,0.0010087424344318308,22830,0.986560649928698,-0.041400738998992326,23521,1.0167725759737172,0.03026719229084529,23110,1.010670865039797,-0.01747374686450409,22355,1.0087996389891696,-0.0326698398961488,22240,1.0100367864117352,-0.005144263028405316,22706,1.0147932960893855,0.020953237410072045,23737,1.0128002730724923,0.045406500484453494,25043,1.0353481064990904,0.055019589670135316,26362,1.047940849101606,0.05266940861717839,27580,1.0628131021194605,0.046202867764206124,28079,1.0546103286384976,0.0180928208846991,26067,1.092910150517798,-0.0716549734677161,26940,1.032421246263509,0.03349062032454819,29224,1.0165576735772923,0.08478099480326651,,,
Zamora,11051,0.6920716432865731,11869,0.690258796161675,0.07402045063795137,12754,0.7046798165644511,0.07456399022664084,13709,0.7206539452242022,0.07487846949976484,14799,0.7374794438630587,0.07950981107301769,15168,0.713553182481065,0.024934117170078984,16727,0.738335908188038,0.10278217299578052,17805,0.7474811083123426,0.06444670293537391,18159,0.7506200396825397,0.019882055602358895,17803,0.7693271682295493,-0.019604603777741092,18235,0.7882678424761164,0.02426557321799705,18608,0.8137846584448526,0.02045516863175223,18651,0.8416516245487364,0.00231083404987098,18112,0.822562332530996,-0.02889925473164978,18132,0.8103687150837989,0.0011042402826855202,18984,0.8100012800273072,0.04698874917273321,19366,0.8006449479080536,0.02012220817530541,18454,0.7335824455398314,-0.047092843127130024,19328,0.7448169556840077,0.04736100574401214,20270,0.7613145539906103,0.0487375827814569,18827,0.7893589367322125,-0.07118894918598917,21814,0.8359776193761018,0.15865512296170392,24171,0.840788924446918,0.10804987622627671,,,
CASTILLA - LA MANCHA,12804,0.8018537074148296,13834,0.804536202384414,0.0804436113714464,14677,0.810928780595613,0.06093682232181585,15581,0.8190611365189507,0.06159296859031138,16368,0.815667513828674,0.050510236826904586,17443,0.820576751187844,0.06567693059628543,18543,0.8184948135069521,0.06306254658029009,19578,0.8219143576826197,0.055816210969098945,19891,0.822213955026455,0.015987332720400538,18959,0.8192817942180546,-0.046855361721381494,18864,0.8154584360005187,-0.005010812806582665,18569,0.8120790693606228,-0.01563825275657338,17941,0.8096119133574007,-0.03381980720555766,17720,0.8047595258640265,-0.012318153949055222,17480,0.7812290502793297,-0.013544018058690765,18499,0.7893075052267782,0.05829519450800924,19149,0.7916735571357698,0.035137034434293835,20043,0.7967482906662426,0.04668651104496324,20811,0.8019653179190751,0.038317617123185155,21264,0.7986478873239437,0.02176733458267255,19675,0.8249130015512977,-0.07472723852520691,21515,0.8245190465241051,0.09351969504447277,24005,0.8350146097119799,0.11573320938879861,25758,0.8317618186515112,0.07302645282232878
Albacete,12032,0.7535070140280561,13175,0.7662111078801978,0.09499667553191493,14190,0.7840212166418035,0.07703984819734355,14595,0.7672291436681912,0.02854122621564481,15409,0.7678776100064783,0.05577252483727313,16415,0.7722162111304511,0.06528652086442999,17444,0.7699845508717722,0.0626865671641792,18122,0.7607892527287994,0.03886723228617295,18955,0.7835234788359788,0.045966228893058236,18798,0.8123244457888597,-0.008282774993405462,18691,0.8079799420740933,-0.005692094903713141,18283,0.7995714160762705,-0.021828687603659525,17836,0.8048736462093863,-0.024448941639774624,17802,0.8084835823606885,-0.0019062570082978292,17691,0.7906592178770949,-0.006235254465790319,18884,0.8057345223364765,0.06743541913967555,19370,0.8008103191665289,0.02573607286591817,20549,0.8168627762760375,0.06086732059886413,21365,0.8233140655105973,0.03970996155530693,22251,0.835718309859155,0.04146969342382412,20707,0.8681816276047126,-0.0693901397689991,22932,0.8788227178661762,0.10745158642005115,24554,0.8541115903715041,0.0707308564451421,,,
Ciudad Real,12812,0.8023547094188377,13581,0.7898226228554812,0.06002185451139552,14640,0.8088844687551798,0.0779765849348355,15922,0.836986805446039,0.08756830601092891,16994,0.8468630089201176,0.06732822509734948,17523,0.8243402173401703,0.031128633635400638,18651,0.8232619730743765,0.06437253894881012,19950,0.8375314861460957,0.06964774006755681,20369,0.8419725529100529,0.021002506265664245,19341,0.8357892917332872,-0.05046884972261767,19611,0.8477499675787835,0.013959981386691522,19472,0.8515700166185604,-0.007087858854724405,18894,0.8526173285198556,-0.029683648315529942,18416,0.8363685907625232,-0.025299036731237456,18087,0.8083575418994413,-0.01786490008688102,19744,0.8424286384776208,0.09161276054624867,20435,0.8448404167355713,0.03499797406807126,21349,0.8486643345523931,0.044727183753364264,21974,0.8467822736030829,0.029275375895826405,22264,0.836206572769953,0.01319741512696826,20680,0.8670495995975012,-0.07114624505928857,21334,0.8175825860351038,0.031624758220502924,24745,0.8607555308195353,0.15988562857410704,,,
Cuenca,12123,0.7592059118236473,12932,0.7520790927595231,0.06673265693310237,13638,0.753522294049395,0.05459325703680795,14518,0.7631814119749777,0.06452559026250193,16023,0.7984751083869038,0.10366441658630676,16987,0.7991249941195842,0.06016351494726324,18350,0.8099757227984993,0.08023782892800368,19812,0.8317380352644836,0.07967302452316072,19770,0.8172123015873016,-0.002119927316777681,18959,0.8192817942180546,-0.04102175012645426,19587,0.8467124886525742,0.03312410992140946,19863,0.8686696405143007,0.014090978710369129,19540,0.881768953068592,-0.016261390525096897,19566,0.888596212362051,0.0013306038894576044,19360,0.8652513966480447,-0.010528467750178905,20663,0.8816401416563553,0.06730371900826437,21288,0.8801058376054242,0.030247301940666826,22164,0.8810621720464302,0.04114994363021429,23222,0.8948747591522158,0.047735065872586135,23241,0.8729014084507042,0.0008181896477479356,21672,0.908641147121714,-0.06751000387246675,25348,0.971411052349199,0.16961978589885573,28408,0.988173090301934,0.12071958339908484,,,
Guadalajara,14406,0.9021793587174348,15921,0.9259086943879035,0.10516451478550604,16959,0.937013094646113,0.06519690974185033,17579,0.9240918887662304,0.03655875936081143,17935,0.8937559176757861,0.02025143637294491,19263,0.9061956061532671,0.07404516308893228,19749,0.8717280953431914,0.02522971499766391,20539,0.8622586062132661,0.04000202541900855,20965,0.8666087962962963,0.020741029261405197,19591,0.8465926278034657,-0.06553780109706653,19778,0.8549690917736567,0.009545199326221221,19687,0.8609726231085454,-0.004601071898068576,18989,0.8569043321299639,-0.03545486869507797,18484,0.8394568327353649,-0.026594344093949118,17691,0.7906592178770949,-0.04290196927072065,17794,0.7592268635064214,0.0058221694646996,18678,0.7722010914503059,0.04967966730358553,19985,0.7944426776912069,0.06997537209551341,20914,0.8059344894026975,0.04648486364773574,21655,0.8133333333333334,0.035430811896337344,19815,0.8307827764035051,-0.08496882936966055,21774,0.8344446999310187,0.09886449659348973,24052,0.8366495060525949,0.10462018921649663,,,
Toledo,13063,0.8180736472945892,14164,0.8237278278569351,0.08428385516343861,14670,0.8105420188960716,0.0357243716464275,15653,0.8228460284918256,0.06700749829584196,16049,0.7997707679274431,0.025298664792691605,17557,0.825939690454909,0.09396224063804604,18777,0.8288236592363717,0.06948795352281145,19742,0.8287993282955499,0.051392661234489045,19724,0.8153108465608465,-0.0009117617262688338,18532,0.8008296962101897,-0.060433989048874426,17844,0.771365581636623,-0.03712497301964168,17254,0.7545701040846672,-0.03306433535081821,16425,0.7412003610108303,-0.048046829720644446,16325,0.741405150097643,-0.0060882800608828,16273,0.7272849162011173,-0.003185298621745769,16982,0.7245807910568759,0.04356910219381804,17629,0.7288324789151646,0.038099163820515924,18217,0.7241612339004612,0.03335413239548468,18940,0.7298651252408478,0.03968820332656309,19308,0.7251830985915493,0.01942977824709602,17804,0.746467653347868,-0.07789517298529103,19714,0.7554993485092358,0.1072792630869468,21991,0.7649575622652011,0.11550167393730337,,,
CATALUÑA,19464,1.218937875751503,20979,1.2200639720849085,0.07783600493218246,21898,1.2099010995082602,0.043805710472377246,22841,1.2007044104505074,0.04306329345145676,23962,1.1940997657846215,0.04907841162821236,25141,1.1827162816954415,0.04920290459894838,26743,1.180445817700287,0.06372061572729804,28033,1.1768681780016792,0.048236921811315,28217,1.1663773148148149,0.006563692790639619,26956,1.1648589084309235,-0.044689371655385,27096,1.1713137076903126,0.005193648909333826,26644,1.1652234759030875,-0.016681428993209346,25937,1.170442238267148,-0.02653505479657714,25928,1.177528498115264,-0.0003469946408605207,26551,1.18663687150838,0.024028077753779797,27806,1.186414643512395,0.047267522880494184,28781,1.1898875475442368,0.03506437459541112,29770,1.1834154873588807,0.03436294777804805,30525,1.176300578034682,0.025361101780315698,31300,1.1755868544600938,0.025389025389025432,27796,1.1654018699425601,-0.11194888178913742,30360,1.1634858588181192,0.09224348827169382,33041,1.1493321274523445,0.08830698287220029,35325,1.1406936192198398,0.0691262370993615
Barcelona,19380,1.2136773547094188,20798,1.2095376562954347,0.07316821465428269,21513,1.1886292060334824,0.03437830560630828,22485,1.1819902223624035,0.04518198298703102,23586,1.1753625355060546,0.04896597731821206,25117,1.1815872418497435,0.0649113881115917,26688,1.1780180975502097,0.06254727873551769,28112,1.1801847187237615,0.053357314148680945,28335,1.1712549603174602,0.007932555492316418,27016,1.1674517090877663,-0.046550202929239504,27119,1.1723079583279299,0.0038125555226531382,26698,1.1675850607889442,-0.015524171245252405,25961,1.1715252707581227,-0.0276050640497415,25975,1.1796630183023753,0.0005392704441278262,26628,1.1900782122905027,0.02513955726660244,27849,1.1882493493194521,0.04585398828301046,28906,1.195055399371589,0.037954684189737575,30188,1.2000318015582763,0.04435065384349279,31073,1.1974181117533718,0.029316284616403898,31903,1.1982347417840375,0.026711292762205074,28432,1.1920674185568738,-0.10879854559132374,30588,1.172223499655093,0.07583005064715809,33369,1.1607416168081257,0.0909180070615927,,,
Girona,19517,1.2222570140280562,21408,1.2450130851991859,0.09688989086437472,22806,1.2600696171059174,0.06530269058295968,23554,1.2381853545707828,0.032798386389546685,24600,1.2258932575870833,0.04440859302029376,25449,1.1972056263818978,0.03451219512195114,27504,1.2140366365040829,0.080749734763645,28130,1.1809403862300587,0.022760325770796896,27846,1.1510416666666667,-0.01009598293636682,26596,1.1493021044898664,-0.044889750772103665,26772,1.1573077421864868,0.006617536471649865,26168,1.144406542464795,-0.02256088450620053,25545,1.1527527075812274,-0.02380770406603483,25202,1.1445569735228667,-0.013427285183010396,25692,1.148245810055866,0.01944290135703519,26721,1.1401203225668815,0.0400513778608127,27792,1.1489995038862246,0.04008083529808015,27361,1.087653044999205,-0.015508059873344804,27864,1.073757225433526,0.01838383100032903,28643,1.075793427230047,0.02795722078667806,25331,1.062051905580479,-0.11563034598331179,29732,1.1394190235303134,0.17373968655007688,32829,1.141957701405315,0.10416386385039678,,,
Lleida,19230,1.2042835671342684,21049,1.2241349229427159,0.0945917836713468,22494,1.2428310956406432,0.06864934201149708,23785,1.2503285496504233,0.05739308259980436,24398,1.2158269796182788,0.025772545722093865,24396,1.147669003151903,-8.19739322894808e-05,26668,1.1771352902229089,0.09313002131496972,27890,1.170864819479429,0.04582270886455686,28390,1.173528439153439,0.017927572606668996,27615,1.193336502311914,-0.027298344487495574,27544,1.190679980979553,-0.002571066449393422,27231,1.190894778273419,-0.011363636363636354,27041,1.2202617328519856,-0.006977341999926501,27463,1.247241019119851,0.015605931733293943,27801,1.2425027932960895,0.012307468229982188,29091,1.2412424798395698,0.04640120858961905,28316,1.1706631387464859,-0.02664054174830699,27461,1.0916282397837493,-0.03019494278852941,28290,1.0901734104046243,0.03018826699683186,29386,1.1036995305164319,0.03874160480735234,26556,1.113412435537294,-0.09630436262165654,29554,1.1325975319996935,0.11289350805844256,30863,1.0735703353276749,0.04429180483183326,,,
Tarragona,20226,1.2666583166332666,21970,1.2776970049432974,0.08622565015326811,23728,1.3110116581026576,0.08001820664542558,24375,1.2813436366503705,0.02726736345246117,25960,1.2936662181691334,0.06502564102564112,25448,1.1971585830549936,-0.01972265023112485,26476,1.168660339880821,0.04039610185476272,27469,1.1531905961376994,0.03750566550838497,27654,1.1431051587301588,0.006734864756634762,26518,1.1459314636359708,-0.04107904823895281,26997,1.1670341071196992,0.018063202353118646,26403,1.1546838100236159,-0.022002444716079594,25539,1.1524819494584837,-0.032723554141574795,25457,1.1561378809210228,-0.0032107756764164774,26151,1.168759776536313,0.027261656911655052,27832,1.187524000512011,0.06428052464532907,29105,1.2032826194807342,0.045738718022420244,30395,1.2082604547622833,0.044322281394949314,30427,1.17252408477842,0.0010528047376212601,30643,1.1509107981220656,0.007098958162158553,26378,1.1059494360823445,-0.1391835003100219,29817,1.142676477351115,0.13037379634543944,32150,1.118338667037707,0.07824395479089108,,,
COMUNITAT VALENCIANA,15243,0.9545966933867736,16521,0.9608025588833964,0.08384176343239513,17246,0.9528703243273109,0.043883542158464905,17855,0.9386006413289176,0.03531253624028752,18637,0.9287387252703444,0.04379725567068049,19528,0.918662087782848,0.04780812362504694,20709,0.9141028470536305,0.06047726341663262,21537,0.9041561712846348,0.039982616253802616,21766,0.8997189153439153,0.010632864372939643,20462,0.8842314506719675,-0.05990995130019294,20419,0.8826784247611638,-0.002101456358127307,20069,0.8776786495233098,-0.017140898183064746,19171,0.8651173285198556,-0.04474562758483236,19137,0.8691130387392706,-0.001773512075530781,19641,0.8778100558659218,0.026336416366201654,20500,0.8746853266203012,0.043735044040527526,21110,0.8727468166032744,0.029756097560975636,21996,0.8743838448083956,0.041970630033159706,22723,0.875645472061657,0.03305146390252767,23248,0.8731643192488263,0.023104343616599854,20980,0.8796276885665171,-0.09755677907777016,22944,0.8792825936997011,0.0936129647283126,24736,0.8604424655628218,0.07810320781032076,26453,0.8542043399638336,0.06941300129366113
Alicante/Alacant,14140,0.8855210420841684,15391,0.895085780750218,0.08847241867043842,15868,0.8767335211890159,0.03099213826262104,16400,0.8621142827104032,0.033526594403831655,17216,0.8579259480739523,0.049756097560975654,18054,0.8493202239262361,0.04867565055762091,18901,0.8342970646656367,0.04691481112218909,19313,0.8107892527287993,0.02179778847680014,19384,0.8012566137566137,0.0036762802257546134,18144,0.7840629186292727,-0.06397028477094513,17881,0.7729650283145291,-0.014495149911816552,17210,0.7526458497332283,-0.037525865443767126,16425,0.7412003610108303,-0.04561301568855314,16346,0.7423588718833735,-0.00480974124809741,16875,0.7541899441340782,0.0323626575308944,17635,0.7524427187780006,0.04503703703703699,18474,0.7637671572680668,0.04757584349305355,19327,0.7682858960089044,0.04617299989173973,19798,0.7629287090558767,0.02437005225849842,20263,0.7610516431924883,0.023487220931407204,18339,0.7688985786759465,-0.0949513892316044,20334,0.7792595999080248,0.10878455750040894,21622,0.7521218867399472,0.06334218550211479,,,
Castellón/Castelló,18402,1.152429859719439,19504,1.1342832218668217,0.05988479513096401,20011,1.1056411956461683,0.025994667760459444,20407,1.0727540345897073,0.019789115986207584,20808,1.036926296905367,0.0196501200568433,22550,1.0608270216869737,0.08371780084582858,23992,1.0590156698300597,0.0639467849223947,23807,0.9994542401343409,-0.007710903634544852,23492,0.9710648148148148,-0.013231402528668057,22257,0.9617994036558489,-0.05257108802996768,22405,0.9685298059049843,0.006649593386350405,22764,0.9955392285489373,0.01602320910511046,21469,0.9688176895306859,-0.05688806888068876,21644,0.982969253826241,0.008151287903488846,22025,0.9843575418994414,0.017603030863056812,23661,1.0095575372274608,0.07427922814982968,24744,1.0229866049280636,0.04577152275897056,26989,1.0728653204006997,0.0907290656320725,27201,1.048208092485549,0.007855052058245882,27746,1.0421032863849766,0.02003602808720273,24497,1.0270848182466144,-0.1170979600663159,26829,1.0281673948034031,0.09519533004041314,29198,1.0156532628356756,0.08829997390882993,,,
Valencia/València,15276,0.9566633266533067,16613,0.966152951439372,0.08752291175700444,17562,0.9703298524780375,0.05712393908385005,18284,0.9611522893339641,0.04111149071859699,19138,0.9537050879553496,0.046707503828483876,19886,0.9355035988145082,0.03908454383948157,21248,0.9378945045243876,0.06849039525294187,22610,0.9492023509655751,0.0641001506024097,23079,0.9539930555555556,0.020743034055727527,21712,0.9382481310228599,-0.05923133584644047,21786,0.9417714952665024,0.003408253500368552,21506,0.9405230473191638,-0.012852290461764393,20629,0.9309115523465704,-0.040779317399795456,20594,0.9352831645397157,-0.0016966406515099841,21115,0.9436871508379888,0.025298630669126965,21862,0.9327985663694158,0.035377693582760994,22198,0.9177277989085497,0.015369133656573108,22795,0.9061456511369057,0.02689431480313531,23825,0.918111753371869,0.04518534766396143,24397,0.9163192488262911,0.02400839454354675,22104,0.926753595237097,-0.09398696561052589,23967,0.9184870085077029,0.08428338762214982,26009,0.9047238068735216,0.08520048399883162,,,
EXTREMADURA,10490,0.6569388777555111,11250,0.6542599592904914,0.07244995233555773,12000,0.6630200563567048,0.06666666666666665,12777,0.6716606213530989,0.06475000000000009,13608,0.6781282702945134,0.06503874148861244,14717,0.6923366420473256,0.08149617871840098,15611,0.6890752593246524,0.060746075966569224,16704,0.7012594458438287,0.07001473320094798,17263,0.7135830026455027,0.033465038314176354,16744,0.7235642366362732,-0.030064299368591785,16950,0.7327194916353261,0.012302914476827631,16560,0.724219364996064,-0.023008849557522137,15953,0.7199007220216607,-0.03665458937198063,16028,0.7279167991280258,0.004701310098414124,16053,0.7174525139664805,0.0015597704017968894,16993,0.7250501344028673,0.05855603314022306,17616,0.7282950223251199,0.03666215500500214,18761,0.7457862935283829,0.06499772933696635,19368,0.7463583815028901,0.032354352113426854,19863,0.7460281690140845,0.02555762081784385,18351,0.7694017022347072,-0.076121431807884,20363,0.7803709665057101,0.10963980164568699,21932,0.7629052455823013,0.07705151500270091,23604,0.7622061482820977,0.07623563742476747
Badajoz,10472,0.655811623246493,11198,0.6512358243675487,0.06932773109243695,11917,0.6584341676335709,0.06420789426683338,12738,0.6696104715344583,0.06889317781320803,13280,0.6617830268600189,0.042549850840006176,14745,0.6936538552006398,0.11031626506024095,15534,0.6856764511145442,0.05350966429298065,16723,0.7020570948782535,0.07654177932277584,17475,0.7223462301587301,0.044968008132512116,16896,0.7301326649669418,-0.033133047210300415,16891,0.7301690226083949,-0.0002959280303029832,16545,0.7235633691944372,-0.020484281570066876,15662,0.7067689530685921,-0.05336959806588093,15742,0.7149280167128389,0.005107904482186232,15710,0.702122905027933,-0.0020327785541862653,16731,0.7138712292528907,0.0649904519414386,17297,0.7151066644617166,0.03382941844480314,18349,0.7294084910160598,0.06081979534023252,18706,0.7208477842003853,0.019456101149926353,19102,0.7174460093896714,0.021169678178124762,17844,0.7481447318770701,-0.06585697832687676,19029,0.7292481030121867,0.06640887693342301,20308,0.7064143592597746,0.0672132009038835,,,
Cáceres,10520,0.658817635270541,11333,0.6590869438790345,0.07728136882129277,12137,0.6705895353334438,0.07094326303714804,12841,0.6750249697734322,0.058004449204910546,14144,0.7048387900533214,0.101471847986917,14672,0.690219692336642,0.03733031674208154,15736,0.6945928051202825,0.0725190839694656,16673,0.6999580184718723,0.059544992374173766,16909,0.6989500661375662,0.014154621243927412,16489,0.7125448338446912,-0.02483884321958718,17049,0.7369990922059396,0.033962035296258186,16585,0.7253126913321088,-0.027215672473458907,16442,0.7419675090252708,-0.008622249020198924,16511,0.7498524001998275,0.0041965697603698615,16633,0.7433743016759776,0.007389013385016074,17435,0.7439092033963391,0.04821739914627554,18158,0.7507028278485199,0.04146831086894176,19461,0.773612657020194,0.07175900429562732,20499,0.7899421965317919,0.053337444119007316,21163,0.7948544600938967,0.03239182399141427,19222,0.8059200872080835,-0.09171667532958461,22653,0.8681306047367211,0.17849339298720213,24724,0.8600250452205371,0.09142276961108897,,,
GALICIA,12390,0.7759268537074149,13364,0.777202675196278,0.07861178369652944,14240,0.7867838002099563,0.06554923675546243,15196,0.7988224780528833,0.06713483146067412,16304,0.8124781980365775,0.07291392471703073,17605,0.8281977701463048,0.07979636898920517,19010,0.8391083645994262,0.07980687304742973,20387,0.8558774139378673,0.07243556023145703,21107,0.8724785052910053,0.03531662333840191,20314,0.8778358757184218,-0.03757047425024873,20488,0.8856611766740154,0.008565521315349045,20139,0.8807399632642351,-0.017034361577508816,19541,0.8818140794223827,-0.029693629276528077,19636,0.8917752849811527,0.004861573102707073,19876,0.8883128491620111,0.012222448563862232,20934,0.8932030549985066,0.053230026162205624,21594,0.8927567388787828,0.0315276583548294,22433,0.8917554460168549,0.03885338519959247,23212,0.8944894026974952,0.03472562742388452,23901,0.8976901408450704,0.029682922626227848,21864,0.9166911240618842,-0.08522655955817748,23927,0.9169540890626198,0.09435601902671054,26483,0.9212119103937665,0.10682492581602365,28644,0.9249547920433996,0.0815995166710719
"Coruña, A",12722,0.7967184368737475,13634,0.7929049142192498,0.07168684169155792,14825,0.8191060279573457,0.08735514155786994,15812,0.8312043315985912,0.06657672849915675,16963,0.8453181840833208,0.07279281558310147,18336,0.8625864421131862,0.0809408713081412,19678,0.8685941293312734,0.0731893542757418,21260,0.892527287993283,0.08039434901920917,22051,0.9114996693121693,0.037206020696143094,21594,0.9331489563977357,-0.02072468368781466,21857,0.9448407037565383,0.012179309067333444,21360,0.9341380215166623,-0.022738710710527466,20548,0.9272563176895307,-0.03801498127340819,20621,0.9365093782642263,0.003552657192914088,20607,0.9209832402234637,-0.000678919548033563,21843,0.931987882408158,0.059979618576212035,22710,0.9388953199933852,0.03969234995192972,23331,0.927452695182064,0.027344782034346204,24319,0.9371483622350675,0.04234709185204233,24840,0.9329577464788732,0.021423578272132815,22743,0.953544924741101,-0.08442028985507244,24627,0.9437801793515751,0.08283867563645964,27625,0.9609364129678586,0.121736305680757,,,
Lugo,11835,0.7411698396793587,12924,0.7516138412329165,0.09201520912547534,13497,0.7457318083872038,0.04433611884865374,14440,0.7590811123376965,0.06986737793583764,15477,0.7712662580355808,0.07181440443213294,17359,0.8166251117279014,0.12159979324158421,18661,0.823703376738027,0.07500432052537587,19592,0.8225020990764064,0.04989014522265678,19968,0.8253968253968254,0.019191506737443964,19179,0.8287887299598116,-0.039513221153846145,19985,0.8639173475122119,0.04202513165441357,20083,0.8782909122714948,0.004903677758318681,19899,0.8979693140794224,-0.009161977792162546,20190,0.916935373995186,0.014623850444746012,20939,0.9358212290502793,0.03709757305596839,22265,0.9499935998634638,0.06332680643774768,22354,0.9241772779890854,0.003997305187513955,22468,0.8931467641914453,0.005099758432495216,23579,0.9086319845857418,0.049448103970090695,23836,0.8952488262910798,0.010899529242122119,21271,0.8918284348664626,-0.10761033730491698,23529,0.9017015405840423,0.10615391848056044,26662,0.927438430499513,0.13315483020952867,,,
Ourense,11159,0.6988351703406813,12300,0.7153242221576039,0.10224930549332378,13398,0.7402618929222609,0.08926829268292691,14158,0.7442569521106029,0.05672488431109124,14803,0.7376787761000648,0.045557282101991836,15909,0.7484122877169873,0.074714584881443,17063,0.7531670712866917,0.0725375573574707,17981,0.7548698572628043,0.05380062122721685,18819,0.7779017857142857,0.04660474945776105,17897,0.7733892225919364,-0.04899303894999729,18515,0.8003717632818916,0.0345309269710008,18766,0.8206944808886556,0.013556575749392286,18595,0.8391245487364621,-0.00911222423531921,18417,0.8364140060856533,-0.009572465716590428,18508,0.827173184357542,0.0049410870391486394,19284,0.8228015530997994,0.04192781499891929,20206,0.8353729121878618,0.04781165733250359,21035,0.8361822229289235,0.041027417598733074,22030,0.8489402697495183,0.047302115521749455,23276,0.8742159624413146,0.05655923740354063,21005,0.8806758626472685,-0.0975683107063069,23878,0.9150762627423928,0.13677695786717448,26119,0.9085501600111312,0.0938520814138537,,,
Pontevedra,12672,0.7935871743486974,13611,0.7915673160802559,0.0741003787878789,14137,0.7810928780595613,0.038645213430313685,15128,0.7952478578562793,0.07009973827544735,16376,0.816066178302686,0.08249603384452664,17434,0.8201533612457073,0.06460674157303381,19036,0.8402560141249172,0.09188941149478036,20494,0.8603694374475231,0.07659172094977929,21205,0.8765294312169312,0.0346930809017274,20048,0.866341126139752,-0.05456260315963213,19720,0.8524618510353175,-0.016360734237829244,19172,0.8384501005860229,-0.027789046653143967,18530,0.8361913357400722,-0.03348633423742964,18673,0.8480403288069395,0.007717215326497495,19086,0.8530055865921787,0.022117495849622415,19932,0.8504501429363827,0.04432568374724921,20460,0.8458739871010419,0.026490066225165476,21815,0.8671887422483702,0.0662267839687194,22157,0.8538342967244701,0.01567728627091447,23013,0.8643380281690141,0.03863338899670543,21304,0.8932120246530544,-0.07426237344109854,23251,0.8910477504407144,0.0913912880210288,25185,0.8760609433699735,0.08317921809814632,,,
"MADRID, COMUNIDAD DE",21177,1.3262149298597194,22875,1.330328583890666,0.08018132880011342,23904,1.320735952262556,0.04498360655737699,24973,1.3127792672028598,0.044720548862115184,26394,1.3152937658842876,0.05690145356985554,28020,1.3181540198522839,0.061604910206865204,30136,1.3302140807768705,0.07551748750892218,31555,1.3247271200671704,0.047086541014069505,32125,1.32791832010582,0.018063698304547682,31364,1.3553433300203104,-0.02368871595330735,31059,1.342627415380625,-0.00972452493304421,31147,1.3621534155514738,0.0028333172349399582,30566,1.379332129963899,-0.018653481876264144,30264,1.3744493392070485,-0.009880259111430978,30776,1.3754636871508379,0.016917790113666342,32275,1.3770960447156206,0.048706784507408285,33350,1.378782867537622,0.03330751355538353,34592,1.3750993798696136,0.03724137931034477,35601,1.371907514450867,0.029168593894542072,36613,1.375136150234742,0.028426167804275204,32853,1.3774265229969394,-0.10269576379974321,35703,1.3682455736951022,0.08675006848689626,39207,1.363816613329623,0.09814301319216878,42198,1.3626323947300438,0.07628739765858139
"MURCIA, REGIÓN DE",13679,0.8566508016032064,14704,0.8551323059028787,0.07493237809781417,15531,0.8581137079396651,0.0562431991294885,16376,0.8608526520527782,0.054407314403451146,17152,0.8547366322818558,0.047386419149975545,18178,0.8551535964623418,0.05981809701492535,19274,0.8507614213197969,0.06029266145890633,20228,0.8492023509655752,0.04949673134792976,20636,0.8530092592592593,0.02017006130116661,19383,0.8376042521930772,-0.06071913161465403,19479,0.8420438334846323,0.004952793685188084,18957,0.8290474940960378,-0.02679809025103963,18444,0.8323104693140794,-0.02706124386770059,18502,0.8402743085517054,0.003144654088050425,18606,0.8315530726256983,0.005621013944438369,19901,0.8491274480522251,0.06960120391271629,20402,0.8434761038531503,0.02517461434098789,21128,0.8398791540785498,0.03558474659347133,21393,0.824393063583815,0.01254259750094655,22015,0.8268544600938967,0.02907493105221337,20108,0.8430673766299107,-0.08662275721099255,22087,0.8464397945887944,0.09841853988462312,24334,0.846458884096285,0.10173405170462257,25887,0.8359274089382589,0.06382016931042989
"NAVARRA, COMUNIDAD FORAL DE",20562,1.2877004008016033,21747,1.2647281186391393,0.057630580682813015,22841,1.2620034256036246,0.050305789304271764,23848,1.2536403301266887,0.04408738671686874,25096,1.250610454975831,0.05233143240523308,26586,1.250693889071835,0.05937201147593241,28111,1.2408298388876629,0.05736101707665697,29307,1.230352644836272,0.0425456227099712,29937,1.2374751984126984,0.02149657078513667,28569,1.234562032755715,-0.04569596151919031,28487,1.2314442571218605,-0.0028702439707375405,28279,1.2367270182804164,-0.007301576157545564,27184,1.2267148014440432,-0.03872131263481737,27213,1.235887188337345,0.0010668040023542602,27704,1.2381675977653632,0.018042847168632692,28761,1.2271621794598284,0.03815333525844644,29556,1.2219282288738218,0.027641597997287937,30631,1.2176419144538082,0.03637163350927053,31190,1.201926782273603,0.018249485815023947,32136,1.2069859154929576,0.030330234049374738,28987,1.2153368831495535,-0.09798979337814284,31486,1.2066375411972101,0.08621106013040336,34749,1.208744956170864,0.10363336085879449,37088,1.197623353138724,0.06731128953351173
PAÍS VASCO,19553,1.2245115230460921,20895,1.2151788310555394,0.06863396921188558,21985,1.2147079949168462,0.05216558985403208,23079,1.2132155811386216,0.049761200818740026,24431,1.2174714705735785,0.05858139434117593,26103,1.2279719621771652,0.06843764070238634,28055,1.2383579783712204,0.07478067655058807,29700,1.2468513853904282,0.058634824451969436,30636,1.2663690476190477,0.031515151515151496,29215,1.262477853161056,-0.0463833398616007,29538,1.27687718843211,0.011055964401848417,29261,1.2796728767602554,-0.009377750694021247,28589,1.2901173285198555,-0.02296572229247118,28277,1.2842090921476905,-0.010913288327678461,28843,1.289072625698324,0.020016267638009788,29962,1.2784059393267055,0.03879624172242835,30833,1.274723003142054,0.029070155530338537,31891,1.2677293687390683,0.03431388447442685,32835,1.2653179190751445,0.029600827819761033,33590,1.2615962441314554,0.022993756662098352,30115,1.2626304976730536,-0.10345340875260489,32898,1.2607495976086456,0.09241241906026887,36421,1.2669055238625295,0.10708857681318018,39547,1.277027899767502,0.08582960380000548
Araba/Álava,22134,1.3861472945891784,23917,1.390927595231172,0.08055480256618774,25679,1.4188076689319853,0.07367144708784545,26841,1.4109761867213373,0.045250983293742,28472,1.4188468630089202,0.060765247196453265,30538,1.436609116996754,0.07256251756111265,33477,1.477687044802472,0.09624074923046688,35813,1.5034844668345928,0.06977925142635244,37165,1.5362516534391535,0.03775165442716322,34115,1.4742232401365543,-0.08206646037938925,33818,1.4618942636061039,-0.008705847867506944,33921,1.483468905799003,0.0030457152995446712,33082,1.492870036101083,-0.024733940626750384,33371,1.5155547481720333,0.008735868448098705,34287,1.5323798882681565,0.027448982649606046,35074,1.496522592481973,0.022953305917694733,36915,1.5261700016537125,0.05248902320807436,37808,1.502941644140563,0.024190708384125736,38711,1.4917533718689788,0.023883834109183155,38631,1.4509295774647888,-0.0020665960579679954,35283,1.4793090436459688,-0.08666614894773628,35924,1.3767149536291867,0.01816738939432594,38591,1.3423890357590094,0.07424006235385816,,,
Bizkaia,18605,1.1651427855711423,19474,1.132538528642047,0.04670787422735834,20565,1.1362506215813029,0.05602341583650006,21845,1.1483467381590706,0.06224167274495507,23073,1.1497981761100313,0.05621423666742964,24749,1.1642752975490427,0.07263901529926753,26141,1.1538733171485323,0.05624469675542443,27546,1.1564231738035264,0.053746987490914666,28810,1.1908895502645502,0.0458868801277863,27922,1.2066029990060931,-0.030822631030892,28342,1.2251761552760125,0.015041902442518351,27849,1.2179218053004461,-0.01739467927457483,27224,1.2285198555956678,-0.02244245753887031,26850,1.2194014260411463,-0.013737878342638843,27560,1.231731843575419,0.026443202979515856,28852,1.2310449289584844,0.04687953555878077,29532,1.22093600132297,0.023568556772494142,30047,1.1944267769120687,0.017438710551266334,31099,1.1984200385356454,0.03501181482344329,31944,1.199774647887324,0.02717129168140464,28583,1.198398390004612,-0.10521537690959182,31265,1.1981681612631256,0.09383199804079356,35478,1.2341032419646585,0.13475131936670404,,,
Gipuzkoa,20046,1.2553857715430863,21983,1.2784530386740331,0.09662775616083019,22769,1.2580253052654842,0.03575490151480687,23506,1.2356620932555327,0.03236857130308746,24922,1.2419395026660687,0.06023993873904532,26396,1.2417556569600603,0.059144530936521944,28823,1.2722577797395718,0.091945749355963,30538,1.282031905961377,0.059501092877216166,30720,1.2698412698412698,0.0059597878053572195,29132,1.258891145585757,-0.05169270833333328,29564,1.2780011239355034,0.014829053961279648,29458,1.2882882882882882,-0.0035854417534839644,28781,1.2987815884476535,-0.022981872496435574,28283,1.2844815840864707,-0.017303081894305294,28443,1.271195530726257,0.005657108510412678,29424,1.2554507829500363,0.03449003269697282,30149,1.2464445179427814,0.02463974986405648,32136,1.277468595961202,0.0659060001990115,32913,1.2683236994219653,0.02417849141150108,33900,1.2732394366197184,0.029988150578798667,30179,1.265313823319777,-0.10976401179940998,34099,1.3067755039472675,0.12989164650916196,36916,1.2841241129817726,0.08261239332531756,,,
"RIOJA, LA",17965,1.125062625250501,19093,1.1103809246874092,0.06278875591427768,19791,1.0934858279462953,0.036557900801340804,20933,1.1004047731693214,0.05770299631145459,21689,1.080829222105945,0.03611522476472562,22851,1.0749870630851013,0.05357554520724794,24361,1.0753034650187596,0.066080259069625,25488,1.0700251889168766,0.046262468699971304,25954,1.0728339947089947,0.01828311362209667,24741,1.0691413508491423,-0.046736533867611896,25035,1.082220204902088,0.011883109009336756,24748,1.0823056065774512,-0.011463950469342898,23961,1.0812725631768954,-0.03180054953935674,23898,1.0853353921613151,-0.002629272567922891,24586,1.0988156424581006,0.028789020001673826,25594,1.092033963391219,0.0409989424875945,25713,1.0630477922936994,0.004649527232945205,26585,1.0568055334711401,0.0339128067514487,27470,1.0585741811175338,0.033289448937370736,28040,1.0531455399061034,0.02074990899162721,25654,1.075594314703786,-0.08509272467902995,27365,1.0487085153675175,0.06669525220238559,30260,1.0525949631278697,0.10579207016261649,32828,1.0600619994833376,0.08486450760079323
CEUTA,13367,0.8371117234468938,13813,0.8033149171270718,0.03336575147751919,14680,0.8110945356097022,0.06276695866212978,15593,0.8196919518477632,0.06219346049046326,16358,0.8151691832361588,0.04906047585455009,17135,0.8060874065013878,0.047499694339161236,18107,0.7992496137717943,0.05672599941639911,19051,0.7997900923593618,0.0521345336057879,19584,0.8095238095238095,0.027977533987717074,19077,0.8243809688431788,-0.025888480392156854,18532,0.8011066441879566,-0.02856843319180169,17986,0.7865826992040584,-0.029462551262680714,17094,0.7713898916967509,-0.04959412876681868,17229,0.7824606022071847,0.007897507897507872,17123,0.7652737430167598,-0.0061524174357188155,17757,0.7576481631608141,0.03702622204053019,18155,0.7505787994046634,0.022413696007208328,18262,0.7259500715535061,0.005893693197466243,18923,0.7292100192678227,0.03619537838133824,19577,0.7352863849765259,0.034561116102098,18184,0.7623998993752883,-0.07115492669969858,19661,0.7534682302445006,0.08122525296964356,21303,0.7410254626408793,0.08351558923757696,22751,0.7346615861534487,0.06797164718584248
MELILLA,13350,0.8360470941883767,13708,0.7972084908403606,0.02681647940074905,14478,0.7999336979943643,0.05617157864021016,15570,0.818482889134206,0.07542478242851214,16650,0.8297204365375991,0.06936416184971095,17256,0.8117796490567813,0.03639639639639647,18066,0.7974398587508277,0.046940194714881756,18495,0.7764483627204031,0.023746263699767622,18800,0.7771164021164021,0.01649094349824276,18284,0.7901127868285727,-0.0274468085106383,17661,0.763454804824277,-0.03407350689127109,17144,0.7497594682060702,-0.02927354056961662,16035,0.7236010830324909,-0.06468735417638827,15981,0.7257822789409146,-0.003367633302151507,15999,0.7150391061452513,0.0011263375258119268,16506,0.7042710244485215,0.031689480592536956,16979,0.701959649412932,0.02865624621349805,17051,0.6778104627126729,0.004240532422404186,17531,0.6755684007707129,0.028150841592868403,18073,0.6787981220657276,0.03091666191318243,16776,0.7033667351473732,-0.0717645105959166,17891,0.6856365447995708,0.06646399618502619,19501,0.6783428412411299,0.08998938013526359,20479,0.6612955308705761,0.05015127429362587
Total Nacional,15968,1,17195,1,0.07684118236472948,18099,1,0.05257342250654262,19023,1,0.051052544339466266,20067,1,0.054880933606686666,21257,1,0.05930134050929392,22655,1,0.06576657101190198,23820,1,0.05142352681527251,24192,1,0.015617128463476071,23141,1,-0.04344411375661372,23133,1,-0.0003457067542457226,22866,1,-0.011541953054078569,22160,1,-0.030875535729904646,22019,1,-0.006362815884476514,22375,1,0.016167855034288525,23437,1,0.04746368715083804,24188,1,0.03204335025813876,25156,1,0.040019844551016925,25950,1,0.031563046589282884,26625,1,0.026011560693641522,23851,1,-0.10418779342723006,26094,1,0.0940421785250094,28748,1,0.1017092051812678,30968,1,0.07722276332266587
